Numéro de mesure;Longitude;Latitude;Position;Insee;Adresse;Complément;Code postal;Commune;Date de mesure;Mesure réalisée;Rapport;Conformité de la mesure;Niveau global;Type d'environnement;Laboratoire
175;3.91611;43.58528;03° 54' 58.00'' Est, 43° 35' 07.00'' Nord;34129;Mas de Gau;;34970;LATTES;06/12/2001;En extérieur;FicheMesure175.pdf;Oui;7.00;Divers;SATELIT
180;4.04194;43.64694;04° 02' 31.00'' Est, 43° 38' 49.00'' Nord;34176;5539 Rue Lou Claou de la Oulivettas;;34130;MUDAISON;06/12/2001;En extérieur;FicheMesure180.pdf;Oui;6.1;Divers;SATELIT
543;3.03167;43.36028;03° 01' 54.00'' Est, 43° 21' 37.00'' Nord;34225;Chemin de Montfaucon;résidence de  Mme SOUTADE;34620;PUISSERGUIER;23/05/2002;En extérieur;FicheMesure543.pdf;Oui;0.54;Divers;APAVE
545;3.03278;43.36167;03° 01' 58.00'' Est, 43° 21' 42.00'' Nord;34225;Chemin de Quarante;résidence de  M. GONZALEZ;34620;PUISSERGUIER;23/05/2002;En extérieur;FicheMesure545.pdf;Oui;0.20;Divers;APAVE
850;3.56444;43.64583;03° 33' 52.00'' Est, 43° 38' 45.00'' Nord;34114;480 Chemin de Pioch Courbi;Chez Mme et M. GALOIS;34150;GIGNAC;10/10/2002;En extérieur;FicheMesure850.pdf;Oui;0.53;Rue / Route / Parking;APAVE
851;3.56306;43.64806;03° 33' 47.00'' Est, 43° 38' 53.00'' Nord;34114;Vieux chemin;Chez Mme et M. HERMITTE.;34150;GIGNAC;10/10/2002;En extérieur;FicheMesure851.pdf;Oui;0.78;Rue / Route / Parking;APAVE
852;3.56306;43.64694;03° 33' 47.00'' Est, 43° 38' 49.00'' Nord;34114;401 Chemin de Pioch Courbi;Chez Mme et M. EON.;34150;GIGNAC;10/10/2002;En extérieur;FicheMesure852.pdf;Oui;0.53;Rue / Route / Parking;APAVE
1072;3.91611;43.58500;03° 54' 58.00'' Est, 43° 35' 06.00'' Nord;34129;Château d'eau de Boirargues;Au pied du château d'eau.;34970;LATTES;22/01/2003;En extérieur;FicheMesure1072.pdf;Oui;5.99;Rue / Route / Parking;CSTB - Saint Martin d'Heres
1073;3.91667;43.58667;03° 55' 00.00'' Est, 43° 35' 12.00'' Nord;34129;Avenue de la Mer - Garage Tunning XXS;Au début du chemin donnant sur le château d'eau par la route de Carnon.;34970;LATTES;22/01/2003;En extérieur;FicheMesure1073.pdf;Oui;0.54;Rue / Route / Parking;CSTB - Saint Martin d'Heres
1074;3.91889;43.58583;03° 55' 08.00'' Est, 43° 35' 09.00'' Nord;34129;Chemin des Mas de Gau;Au début de la piste cyclable donnant sur le chemin des Mas de Gau, le long de l'Avenue de la Mer.;34970;LATTES;22/01/2003;En extérieur;FicheMesure1074.pdf;Oui;6.22;Rue / Route / Parking;CSTB - Saint Martin d'Heres
1115;3.20806;43.34861;03° 12' 29.00'' Est, 43° 20' 55.00'' Nord;34032;15 Rue des Cygnes;Sous le préau de la porte d'entrée de l'immeuble;34500;BEZIERS;20/02/2003;En extérieur;FicheMesure1115.pdf;Oui;0.30;Rue / Route / Parking;CSTB - Saint Martin d'Heres
1193;3.89750;43.63806;03° 53' 51.00'' Est, 43° 38' 17.00'' Nord;34057;256 Chemin du Château d'eau;au pied du château d'eau devant l'entrée du 256.;34170;CASTELNAU-LE-LEZ;13/03/2003;En extérieur;FicheMesure1193.pdf;Oui;1.35;Rue / Route / Parking;CSTB - Saint Martin d'Heres
1194;3.89778;43.63889;03° 53' 52.00'' Est, 43° 38' 20.00'' Nord;34057;50 Chemin du Château d'eau;Devant l'entrée du 50 chemin du château d'eau.;34170;CASTELNAU-LE-LEZ;13/03/2003;En extérieur;FicheMesure1194.pdf;Oui;1.47;Rue / Route / Parking;CSTB - Saint Martin d'Heres
1195;3.89889;43.63861;03° 53' 56.00'' Est, 43° 38' 19.00'' Nord;34057;Impasse de l'Oppudum;Devant l'entrée du 225-230 impasse de l'oppudum;34170;CASTELNAU-LE-LEZ;13/03/2003;En extérieur;FicheMesure1195.pdf;Oui;0.57;Rue / Route / Parking;CSTB - Saint Martin d'Heres
1955;3.88556;43.71639;03° 53' 08.00'' Est, 43° 42' 59.00'' Nord;34014;283 Rue de Montpellier;Les mesures en large bande ont été effectuées en plusieurs emplacements dans l'azimut du relais GSM (maison de Mr Gelly,terrain de jeux ainsi que la place publique).Les mesures spectrales ont été réalisées au point de champ maximum en large bande, c'est à dire dans la cour d'entrée de la maison de Mr Gelly.;34820;ASSAS;03/02/2003;En extérieur;FicheMesure1955.pdf;Oui;0.95;Rue / Route / Parking;BUREAU VERITAS
2286;3.86944;43.60833;03° 52' 10.00'' Est, 43° 36' 30.00'' Nord;34172;Cours Gambetta;;34000;MONTPELLIER;20/08/2003;En extérieur;FicheMesure2286.pdf;Oui;0.40;Rue / Route / Parking;AEXPERTISE
2428;4.08361;43.55861;04° 05' 01.00'' Est, 43° 33' 31.00'' Nord;34344;140 Rue du Port;Terrasse de l'Hotel Mercure;34280;LA GRANDE-MOTTE;31/07/2003;En extérieur;FicheMesure2428.pdf;Oui;9.63;Divers;APAVE
